{
  
    "name" : "Arduino",
  
    "classes" : {
      
    },
  
    "constants" : {
      "INPUT": 0x00,
      "OUTPUT": 0x01,
      "INPUT_PULLUP": 0x02,
      "OUTPUT_FAST": 0x03,
      "INPUT_FAST": 0x04,
      "DEFAULT": 0,
      "true": 0x1,
      "false": 0x0,
      "DEG_TO_RAD": 0.017453292519943295769236907684886,
      "RAD_TO_DEG": 57.295779513082320876798154814105,
      "SERIAL": 0x0,
      "DISPLAY": 0x1,
      "LSBFIRST": 0,
      "MSBFIRST": 1,
      "PA": 1,
      "PB": 2,
      "PC": 3,
      "PD": 4,
      "PE": 5,
      "PF": 6,
      "PG": 7,
      "PH": 8,
      "PJ": 10,
      "PK": 11,
      "PL": 12
    },
  
    "functions" : {
      
    }
  
}